,AL627309.1,AP006222.2,RP11-206L10.2,RP11-206L10.9,LINC00115,NOC2L,KLHL17,PLEKHN1,RP11-54O7.17,HES4,RP11-54O7.11,ISG15,AGRN,C1orf159,TNFRSF18,TNFRSF4,SDF4,B3GALT6,FAM132A,UBE2J2,ACAP3,PUSL1,CPSF3L,GLTPD1,DVL1,MXRA8,AURKAIP1,CCNL2,RP4-758J18.2,MRPL20,ATAD3C,ATAD3B,ATAD3A,SSU72,AL645728.1,C1orf233
AAACATACAACCAC-1,0.0,0.0,0.0,0.0,0.0,0.0,0.0,0.0,0.0,0.0,0.0,0.0,0.0,0.0,0.0,0.0,0.0,0.0,0.0,0.0,0.0,0.0,0.0,0.0,0.0,0.0,0.0,0.0,0.0,1.6358733,0.0,0.0,0.0,0.0,0.0,0.0
AAACATTGAGCTAC-1,0.0,0.0,0.0,0.0,0.0,0.0,0.0,0.0,0.0,0.0,0.0,0.0,0.0,0.0,1.625141,0.0,0.0,0.0,0.0,0.0,0.0,0.0,0.0,0.0,0.0,0.0,1.1117153,0.0,0.0,0.0,0.0,0.0,0.0,1.1117153,0.0,0.0
AAACATTGATCAGC-1,0.0,0.0,0.0,0.0,0.0,0.0,0.0,0.0,0.0,0.0,0.0,1.429744,0.0,0.0,0.0,0.0,1.429744,0.0,0.0,0.0,0.0,0.0,0.0,0.0,0.0,0.0,0.0,0.0,0.0,1.429744,0.0,0.0,0.0,0.0,0.0,0.0
AAACCGTGCTTCCG-1,0.0,0.0,0.0,0.0,0.0,0.0,0.0,0.0,0.0,0.0,0.0,3.55831,0.0,0.0,0.0,0.0,0.0,0.0,0.0,0.0,0.0,0.0,0.0,0.0,0.0,0.0,1.5663872,0.0,0.0,0.0,0.0,0.0,0.0,2.5151079,0.0,0.0
AAACCGTGTATGCG-1,0.0,0.0,0.0,0.0,0.0,0.0,0.0,0.0,0.0,0.0,0.0,0.0,0.0,0.0,0.0,0.0,0.0,0.0,0.0,0.0,0.0,0.0,0.0,0.0,0.0,0.0,0.0,0.0,0.0,0.0,0.0,0.0,0.0,0.0,0.0,0.0
AAACGCACTGGTAC-1,0.0,0.0,0.0,0.0,0.0,0.0,0.0,0.0,0.0,0.0,0.0,1.7269024,0.0,0.0,0.0,0.0,0.0,0.0,0.0,0.0,0.0,0.0,0.0,0.0,0.0,0.0,0.0,0.0,0.0,0.0,0.0,0.0,0.0,0.0,0.0,0.0
AAACGCTGACCAGT-1,0.0,0.0,0.0,0.0,0.0,0.0,0.0,0.0,0.0,0.0,0.0,0.0,0.0,0.0,0.0,0.0,0.0,1.722356,0.0,0.0,0.0,1.722356,0.0,0.0,0.0,0.0,0.0,0.0,0.0,0.0,0.0,0.0,0.0,0.0,0.0,0.0
AAACGCTGGTTCTT-1,0.0,0.0,0.0,0.0,0.0,0.0,0.0,0.0,0.0,0.0,0.0,0.0,0.0,0.0,0.0,0.0,0.0,0.0,0.0,0.0,0.0,0.0,0.0,0.0,0.0,0.0,1.6909771,0.0,0.0,1.6909771,0.0,0.0,0.0,0.0,0.0,0.0
AAACGCTGTAGCCA-1,0.0,0.0,0.0,0.0,0.0,0.0,0.0,0.0,0.0,0.0,0.0,0.0,0.0,0.0,0.0,2.1796417,0.0,0.0,0.0,2.1796417,0.0,0.0,0.0,0.0,0.0,0.0,0.0,0.0,0.0,0.0,0.0,0.0,0.0,0.0,0.0,0.0
AAACGCTGTTTCTG-1,0.0,0.0,0.0,0.0,0.0,0.0,0.0,0.0,0.0,0.0,0.0,3.3392706,0.0,0.0,0.0,0.0,0.0,0.0,0.0,0.0,0.0,0.0,0.0,0.0,0.0,0.0,0.0,0.0,0.0,0.0,0.0,0.0,0.0,0.0,0.0,0.0
AAACTTGAAAAACG-1,0.0,0.0,0.0,0.0,0.0,0.0,0.0,0.0,0.0,0.0,0.0,0.0,0.0,0.0,0.0,0.0,0.0,0.0,0.0,1.2683356,0.0,0.0,1.2683356,0.0,0.0,0.0,1.8099042,0.0,1.2683356,1.8099042,0.0,0.0,0.0,0.0,0.0,0.0
AAACTTGATCCAGA-1,0.0,0.0,0.0,0.0,0.0,1.6462721,0.0,0.0,0.0,0.0,0.0,0.0,0.0,0.0,0.0,0.0,0.0,0.0,0.0,0.0,0.0,0.0,0.0,0.0,0.0,0.0,0.0,0.0,0.0,0.0,0.0,1.6462721,0.0,0.0,0.0,0.0
AAAGAGACGAGATA-1,0.0,0.0,0.0,0.0,0.0,0.0,0.0,0.0,0.0,0.0,0.0,1.6388758,0.0,0.0,0.0,0.0,0.0,0.0,0.0,0.0,0.0,0.0,0.0,0.0,0.0,0.0,2.2298806,0.0,0.0,0.0,0.0,0.0,0.0,0.0,0.0,0.0
AAAGAGACGCGAGA-1,0.0,0.0,0.0,0.0,0.0,0.0,0.0,0.0,0.0,0.0,0.0,2.8613622,0.0,0.0,0.0,0.0,0.0,0.0,0.0,1.4579324,0.0,0.0,0.0,0.0,0.0,0.0,1.4579324,1.4579324,0.0,1.4579324,0.0,0.0,0.0,1.4579324,0.0,0.0
AAAGAGACGGACTT-1,0.0,0.0,0.0,0.0,0.0,0.0,0.0,0.0,0.0,0.0,0.0,0.0,0.0,0.0,0.0,0.0,0.0,0.0,0.0,0.0,2.270898,0.0,0.0,0.0,0.0,0.0,0.0,0.0,0.0,0.0,0.0,0.0,0.0,0.0,0.0,0.0
AAAGAGACGGCATT-1,0.0,0.0,0.0,0.0,0.0,0.0,0.0,0.0,0.0,0.0,0.0,3.2677622,0.0,0.0,0.0,0.0,0.0,0.0,0.0,0.0,0.0,0.0,0.0,0.0,0.0,0.0,0.0,0.0,0.0,0.0,0.0,0.0,0.0,0.0,0.0,0.0
AAAGCAGATATCGG-1,0.0,0.0,0.0,0.0,0.0,0.0,0.0,0.0,0.0,1.157353,0.0,1.157353,0.0,0.0,0.0,0.0,0.0,0.0,0.0,0.0,0.0,0.0,0.0,0.0,0.0,0.0,0.0,1.6795238,0.0,0.0,0.0,0.0,0.0,2.0208192,0.0,0.0
AAAGCCTGTATGCG-1,0.0,0.0,0.0,0.0,0.0,0.0,0.0,0.0,0.0,0.0,0.0,0.0,0.0,0.0,0.0,3.7372792,1.4850758,0.0,0.0,1.4850758,0.0,0.0,0.0,0.0,0.0,0.0,0.0,1.4850758,0.0,1.4850758,0.0,0.0,0.0,0.0,0.0,0.0
AAAGGCCTGTCTAG-1,0.0,0.0,0.0,0.0,0.0,0.0,0.0,0.0,0.0,0.0,0.0,0.0,0.0,0.0,0.0,0.0,1.1022253,0.0,0.0,0.0,0.0,0.0,0.0,0.0,0.0,0.0,0.0,0.0,0.0,0.0,0.0,1.1022253,0.0,1.6137719,0.0,0.0
AAAGTTTGATCACG-1,0.0,0.0,0.0,0.0,0.0,0.0,0.0,0.0,0.0,0.0,0.0,0.0,0.0,0.0,0.0,0.0,0.0,0.0,0.0,0.0,0.0,0.0,0.0,0.0,0.0,0.0,0.0,0.0,0.0,0.0,0.0,0.0,0.0,0.0,0.0,0.0
AAAGTTTGGGGTGA-1,0.0,0.0,0.0,0.0,0.0,1.3981862,0.0,0.0,0.0,0.0,0.0,1.3981862,0.0,0.0,0.0,0.0,0.0,0.0,0.0,0.0,0.0,0.0,0.0,0.0,0.0,0.0,1.3981862,0.0,0.0,0.0,0.0,0.0,0.0,0.0,0.0,0.0
AAAGTTTGTAGAGA-1,0.0,0.0,0.0,0.0,0.0,0.0,0.0,0.0,0.0,0.0,0.0,0.0,0.0,0.0,0.0,0.0,0.0,0.0,0.0,0.0,0.0,0.0,0.0,0.0,0.0,0.0,0.0,0.0,0.0,0.0,0.0,0.0,0.0,2.3099985,0.0,0.0
AAAGTTTGTAGCGT-1,0.0,0.0,0.0,0.0,0.0,0.0,0.0,0.0,0.0,0.0,0.0,1.553327,0.0,0.0,0.0,0.0,0.0,0.0,0.0,0.0,0.0,0.0,0.0,0.0,0.0,0.0,1.553327,0.0,0.0,1.553327,0.0,0.0,0.0,0.0,0.0,0.0
AAATCAACAATGCC-1,0.0,0.0,0.0,0.0,0.0,0.0,0.0,0.0,0.0,0.0,0.0,1.6700068,0.0,0.0,0.0,0.0,1.6700068,0.0,0.0,0.0,0.0,0.0,0.0,0.0,0.0,0.0,0.0,0.0,0.0,0.0,0.0,0.0,0.0,0.0,0.0,0.0
AAATCAACACCAGT-1,0.0,0.0,0.0,0.0,0.0,0.0,0.0,0.0,0.0,0.0,0.0,0.0,0.0,0.0,0.0,0.0,0.0,0.0,0.0,0.0,0.0,0.0,0.0,0.0,0.0,0.0,0.0,0.0,0.0,0.0,0.0,0.0,0.0,2.0896583,0.0,0.0
AAATCAACCAGGAG-1,0.0,0.0,0.0,0.0,0.0,0.0,0.0,0.0,0.0,0.0,0.0,0.0,0.0,0.0,0.0,0.0,0.0,0.0,0.0,0.0,0.0,0.0,0.0,0.0,0.0,0.0,0.0,0.0,0.0,0.0,0.0,0.0,0.0,0.0,0.0,0.0
AAATCAACCCTATT-1,0.0,0.0,0.0,0.0,0.0,0.0,0.0,0.0,1.0158842,0.0,0.0,1.50931,0.0,0.0,0.0,0.0,0.0,0.0,0.0,1.0158842,0.0,0.0,0.0,0.0,0.0,0.0,1.0158842,0.0,0.0,0.0,0.0,0.0,0.0,0.0,0.0,1.0158842
AAATCAACGGAAGC-1,0.0,0.0,0.0,0.0,0.0,0.0,0.0,0.0,0.0,0.0,0.0,0.0,0.0,0.0,0.0,0.0,0.0,0.0,0.0,0.0,0.0,0.0,0.0,0.0,0.0,0.0,0.0,0.0,0.0,0.0,0.0,0.0,1.3556689,0.0,0.0,0.0
AAATCAACTCGCAA-1,0.0,0.0,0.0,0.0,0.0,0.0,0.0,0.0,0.0,0.0,0.0,3.7771063,0.0,0.0,0.0,0.0,0.0,0.0,0.0,0.0,0.0,0.0,0.0,0.0,0.0,0.0,0.0,0.0,0.0,0.0,0.0,0.0,0.0,0.0,0.0,0.0
AAATCATGACCACA-1,0.0,0.0,0.0,0.0,0.0,0.0,0.0,0.0,0.0,1.7655799,0.0,2.3693016,0.0,0.0,0.0,0.0,1.7655799,0.0,0.0,0.0,0.0,0.0,0.0,0.0,0.0,0.0,0.0,0.0,0.0,0.0,0.0,0.0,0.0,1.2303656,0.0,0.0